{
    "variables": [],
    "info": {
        "name": "Laravel_EAD_API API",
        "_postman_id": "a128a78b-0108-413c-a91e-a29966b354a8",
        "description": "",
        "schema": "https:\/\/schema.getpostman.com\/json\/collection\/v2.0.0\/collection.json"
    },
    "item": [
        {
            "name": "Knowledge",
            "description": "",
            "item": [
                {
                    "name": "Create Knowledge",
                    "request": {
                        "url": {
                            "protocol": "http",
                            "host": "localhost",
                            "path": "api\/v1\/knowledge",
                            "query": []
                        },
                        "method": "POST",
                        "header": [
                            {
                                "key": "Content-Type",
                                "value": "application\/json"
                            },
                            {
                                "key": "Accept",
                                "value": "application\/json"
                            }
                        ],
                        "body": {
                            "mode": "raw",
                            "raw": "{\n    \"name\": \"eligendi\",\n    \"knowledge\": \"dolor\",\n    \"knowledge_level\": \"eos\",\n    \"skill\": \"eos\",\n    \"skill_level\": \"consequatur\"\n}"
                        },
                        "description": "",
                        "response": []
                    }
                },
                {
                    "name": "Update Knowledge",
                    "request": {
                        "url": {
                            "protocol": "http",
                            "host": "localhost",
                            "path": "api\/v1\/knowledge\/:knowledge",
                            "query": []
                        },
                        "method": "PUT",
                        "header": [
                            {
                                "key": "Content-Type",
                                "value": "application\/json"
                            },
                            {
                                "key": "Accept",
                                "value": "application\/json"
                            }
                        ],
                        "body": {
                            "mode": "raw",
                            "raw": "{\n    \"knowledge\": \"molestiae\",\n    \"knowledge_level\": \"eligendi\",\n    \"skill\": \"itaque\",\n    \"skill_level\": \"illo\"\n}"
                        },
                        "description": "",
                        "response": []
                    }
                }
            ]
        },
        {
            "name": "Oportunity",
            "description": "",
            "item": [
                {
                    "name": "api\/v1\/get-soap-oportunity",
                    "request": {
                        "url": {
                            "protocol": "http",
                            "host": "localhost",
                            "path": "api\/v1\/get-soap-oportunity",
                            "query": []
                        },
                        "method": "GET",
                        "header": [
                            {
                                "key": "Content-Type",
                                "value": "application\/json"
                            },
                            {
                                "key": "Accept",
                                "value": "application\/json"
                            }
                        ],
                        "body": {
                            "mode": "raw",
                            "raw": "[]"
                        },
                        "description": "",
                        "response": []
                    }
                },
                {
                    "name": "List all records without paginate",
                    "request": {
                        "url": {
                            "protocol": "http",
                            "host": "localhost",
                            "path": "api\/v1\/oportunity",
                            "query": []
                        },
                        "method": "GET",
                        "header": [
                            {
                                "key": "Content-Type",
                                "value": "application\/json"
                            },
                            {
                                "key": "Accept",
                                "value": "application\/json"
                            }
                        ],
                        "body": {
                            "mode": "raw",
                            "raw": "[]"
                        },
                        "description": "",
                        "response": []
                    }
                }
            ]
        },
        {
            "name": "Professional experience",
            "description": "",
            "item": [
                {
                    "name": "Create Professional experience",
                    "request": {
                        "url": {
                            "protocol": "http",
                            "host": "localhost",
                            "path": "api\/v1\/professional-experience",
                            "query": []
                        },
                        "method": "POST",
                        "header": [
                            {
                                "key": "Content-Type",
                                "value": "application\/json"
                            },
                            {
                                "key": "Accept",
                                "value": "application\/json"
                            }
                        ],
                        "body": {
                            "mode": "raw",
                            "raw": "{\n    \"position\": \"velit\",\n    \"position_structure_cod\": \"minima\",\n    \"position_code\": \"dolor\",\n    \"date_of_start\": \"at\",\n    \"date_of_finished\": \"quod\"\n}"
                        },
                        "description": "",
                        "response": []
                    }
                },
                {
                    "name": "Update Professional experience",
                    "request": {
                        "url": {
                            "protocol": "http",
                            "host": "localhost",
                            "path": "api\/v1\/professional-experience\/:professional_experience",
                            "query": []
                        },
                        "method": "PUT",
                        "header": [
                            {
                                "key": "Content-Type",
                                "value": "application\/json"
                            },
                            {
                                "key": "Accept",
                                "value": "application\/json"
                            }
                        ],
                        "body": {
                            "mode": "raw",
                            "raw": "{\n    \"position\": \"et\",\n    \"position_structure_cod\": \"neque\",\n    \"position_code\": \"animi\",\n    \"date_of_start\": \"voluptas\",\n    \"date_of_finished\": \"rerum\"\n}"
                        },
                        "description": "",
                        "response": []
                    }
                }
            ]
        },
        {
            "name": "User ",
            "description": "\nAPIs for managing users",
            "item": [
                {
                    "name": "List with paginate",
                    "request": {
                        "url": {
                            "protocol": "http",
                            "host": "localhost",
                            "path": "api\/v1\/user",
                            "query": []
                        },
                        "method": "GET",
                        "header": [
                            {
                                "key": "Content-Type",
                                "value": "application\/json"
                            },
                            {
                                "key": "Accept",
                                "value": "application\/json"
                            }
                        ],
                        "body": {
                            "mode": "raw",
                            "raw": "[]"
                        },
                        "description": "",
                        "response": []
                    }
                },
                {
                    "name": "Create User",
                    "request": {
                        "url": {
                            "protocol": "http",
                            "host": "localhost",
                            "path": "api\/v1\/user",
                            "query": []
                        },
                        "method": "POST",
                        "header": [
                            {
                                "key": "Content-Type",
                                "value": "application\/json"
                            },
                            {
                                "key": "Accept",
                                "value": "application\/json"
                            }
                        ],
                        "body": {
                            "mode": "raw",
                            "raw": "{\n    \"name\": \"voluptatem\",\n    \"password\": \"est\",\n    \"gender\": \"enim\",\n    \"email\": \"illo\",\n    \"phone\": \"ut\",\n    \"cpf\": \"ipsa\",\n    \"civil_state\": \"deleniti\",\n    \"number_of_children\": \"qui\",\n    \"rg_number\": \"et\",\n    \"rg_emitting_organ\": \"est\",\n    \"rg_city\": \"qui\",\n    \"rg_state\": \"deserunt\",\n    \"rg_nationality\": \"ut\",\n    \"birth\": \"dolores\",\n    \"father_name\": \"ut\",\n    \"mother_name\": \"assumenda\",\n    \"pis_number\": \"eum\",\n    \"deficiency\": \"velit\",\n    \"know_someone_who_works_at_the_company\": \"tempora\",\n    \"selective_process\": \"culpa\",\n    \"type_of_address\": \"quia\",\n    \"address\": \"ea\",\n    \"address_complement\": \"suscipit\",\n    \"address_number\": \"laboriosam\",\n    \"address_neighborhood\": \"quidem\",\n    \"address_city\": \"suscipit\",\n    \"address_state\": \"tenetur\",\n    \"address_postcode\": \"harum\",\n    \"linkedin\": \"molestiae\",\n    \"facebook\": \"in\",\n    \"google_plus\": \"perspiciatis\",\n    \"skype\": \"quisquam\",\n    \"twitter\": \"iste\",\n    \"instagram\": \"ab\",\n    \"intended_area\": \"facilis\",\n    \"intended_position\": \"nam\",\n    \"wage_claim\": \"voluptas\"\n}"
                        },
                        "description": "",
                        "response": []
                    }
                },
                {
                    "name": "Get By ID",
                    "request": {
                        "url": {
                            "protocol": "http",
                            "host": "localhost",
                            "path": "api\/v1\/user\/:user",
                            "query": []
                        },
                        "method": "GET",
                        "header": [
                            {
                                "key": "Content-Type",
                                "value": "application\/json"
                            },
                            {
                                "key": "Accept",
                                "value": "application\/json"
                            }
                        ],
                        "body": {
                            "mode": "raw",
                            "raw": "[]"
                        },
                        "description": "",
                        "response": []
                    }
                },
                {
                    "name": "Update",
                    "request": {
                        "url": {
                            "protocol": "http",
                            "host": "localhost",
                            "path": "api\/v1\/user\/:user",
                            "query": []
                        },
                        "method": "PUT",
                        "header": [
                            {
                                "key": "Content-Type",
                                "value": "application\/json"
                            },
                            {
                                "key": "Accept",
                                "value": "application\/json"
                            }
                        ],
                        "body": {
                            "mode": "raw",
                            "raw": "{\n    \"name\": \"quia\",\n    \"password\": \"repudiandae\",\n    \"gender\": \"aut\",\n    \"email\": \"eum\",\n    \"phone\": \"et\",\n    \"cpf\": \"at\",\n    \"civil_state\": \"deleniti\",\n    \"number_of_children\": \"pariatur\",\n    \"rg_number\": \"in\",\n    \"rg_emitting_organ\": \"itaque\",\n    \"rg_city\": \"consequatur\",\n    \"rg_state\": \"impedit\",\n    \"rg_nationality\": \"qui\",\n    \"birth\": \"fugit\",\n    \"father_name\": \"voluptatibus\",\n    \"mother_name\": \"praesentium\",\n    \"pis_number\": \"quo\",\n    \"deficiency\": \"dignissimos\",\n    \"know_someone_who_works_at_the_company\": \"aliquid\",\n    \"selective_process\": \"error\",\n    \"type_of_address\": \"et\",\n    \"address\": \"quod\",\n    \"address_complement\": \"quia\",\n    \"address_number\": \"voluptate\",\n    \"address_neighborhood\": \"minima\",\n    \"address_city\": \"recusandae\",\n    \"address_state\": \"non\",\n    \"address_postcode\": \"et\",\n    \"linkedin\": \"qui\",\n    \"facebook\": \"minus\",\n    \"google_plus\": \"optio\",\n    \"skype\": \"non\",\n    \"twitter\": \"et\",\n    \"instagram\": \"consequuntur\",\n    \"intended_area\": \"et\",\n    \"intended_position\": \"dolore\",\n    \"wage_claim\": \"assumenda\"\n}"
                        },
                        "description": "",
                        "response": []
                    }
                },
                {
                    "name": "Delete",
                    "request": {
                        "url": {
                            "protocol": "http",
                            "host": "localhost",
                            "path": "api\/v1\/user\/:user",
                            "query": []
                        },
                        "method": "DELETE",
                        "header": [
                            {
                                "key": "Content-Type",
                                "value": "application\/json"
                            },
                            {
                                "key": "Accept",
                                "value": "application\/json"
                            }
                        ],
                        "body": {
                            "mode": "raw",
                            "raw": "[]"
                        },
                        "description": "@urlParam id required The ID of the Permission",
                        "response": []
                    }
                },
                {
                    "name": "api\/v1\/send-user-register-soap",
                    "request": {
                        "url": {
                            "protocol": "http",
                            "host": "localhost",
                            "path": "api\/v1\/send-user-register-soap",
                            "query": []
                        },
                        "method": "POST",
                        "header": [
                            {
                                "key": "Content-Type",
                                "value": "application\/json"
                            },
                            {
                                "key": "Accept",
                                "value": "application\/json"
                            }
                        ],
                        "body": {
                            "mode": "raw",
                            "raw": "[]"
                        },
                        "description": "",
                        "response": []
                    }
                }
            ]
        },
        {
            "name": "general",
            "description": "",
            "item": [
                {
                    "name": "jheckdoc-assets\/{asset}",
                    "request": {
                        "url": {
                            "protocol": "http",
                            "host": "localhost",
                            "path": "jheckdoc-assets\/:asset",
                            "query": []
                        },
                        "method": "GET",
                        "header": [
                            {
                                "key": "Content-Type",
                                "value": "application\/json"
                            },
                            {
                                "key": "Accept",
                                "value": "application\/json"
                            }
                        ],
                        "body": {
                            "mode": "raw",
                            "raw": "[]"
                        },
                        "description": "",
                        "response": []
                    }
                },
                {
                    "name": "api\/auth",
                    "request": {
                        "url": {
                            "protocol": "http",
                            "host": "localhost",
                            "path": "api\/auth",
                            "query": []
                        },
                        "method": "POST",
                        "header": [
                            {
                                "key": "Content-Type",
                                "value": "application\/json"
                            },
                            {
                                "key": "Accept",
                                "value": "application\/json"
                            }
                        ],
                        "body": {
                            "mode": "raw",
                            "raw": "[]"
                        },
                        "description": "",
                        "response": []
                    }
                },
                {
                    "name": "api\/authenticated-user",
                    "request": {
                        "url": {
                            "protocol": "http",
                            "host": "localhost",
                            "path": "api\/authenticated-user",
                            "query": []
                        },
                        "method": "GET",
                        "header": [
                            {
                                "key": "Content-Type",
                                "value": "application\/json"
                            },
                            {
                                "key": "Accept",
                                "value": "application\/json"
                            }
                        ],
                        "body": {
                            "mode": "raw",
                            "raw": "[]"
                        },
                        "description": "",
                        "response": []
                    }
                },
                {
                    "name": "api\/auth-refresh",
                    "request": {
                        "url": {
                            "protocol": "http",
                            "host": "localhost",
                            "path": "api\/auth-refresh",
                            "query": []
                        },
                        "method": "POST",
                        "header": [
                            {
                                "key": "Content-Type",
                                "value": "application\/json"
                            },
                            {
                                "key": "Accept",
                                "value": "application\/json"
                            }
                        ],
                        "body": {
                            "mode": "raw",
                            "raw": "[]"
                        },
                        "description": "",
                        "response": []
                    }
                },
                {
                    "name": "Reset Passowrd",
                    "request": {
                        "url": {
                            "protocol": "http",
                            "host": "localhost",
                            "path": "api\/reset-password",
                            "query": []
                        },
                        "method": "POST",
                        "header": [
                            {
                                "key": "Content-Type",
                                "value": "application\/json"
                            },
                            {
                                "key": "Accept",
                                "value": "application\/json"
                            }
                        ],
                        "body": {
                            "mode": "raw",
                            "raw": "{\n    \"email\": \"minus\"\n}"
                        },
                        "description": "",
                        "response": []
                    }
                },
                {
                    "name": "change Passowrd",
                    "request": {
                        "url": {
                            "protocol": "http",
                            "host": "localhost",
                            "path": "api\/change-password",
                            "query": []
                        },
                        "method": "POST",
                        "header": [
                            {
                                "key": "Content-Type",
                                "value": "application\/json"
                            },
                            {
                                "key": "Accept",
                                "value": "application\/json"
                            }
                        ],
                        "body": {
                            "mode": "raw",
                            "raw": "{\n    \"email\": \"suscipit\",\n    \"passwordToken\": \"magnam\",\n    \"password\": \"harum\",\n    \"password_confirmation\": \"dolore\"\n}"
                        },
                        "description": "",
                        "response": []
                    }
                },
                {
                    "name": "Create Academic information",
                    "request": {
                        "url": {
                            "protocol": "http",
                            "host": "localhost",
                            "path": "api\/v1\/academic-information",
                            "query": []
                        },
                        "method": "POST",
                        "header": [
                            {
                                "key": "Content-Type",
                                "value": "application\/json"
                            },
                            {
                                "key": "Accept",
                                "value": "application\/json"
                            }
                        ],
                        "body": {
                            "mode": "raw",
                            "raw": "{\n    \"name\": \"eius\",\n    \"level\": \"qui\",\n    \"course\": \"quo\",\n    \"institution\": \"mollitia\",\n    \"situation\": \"assumenda\",\n    \"year_of_conclusion\": \"autem\",\n    \"idiom\": \"consequatur\",\n    \"reading_level\": \"labore\",\n    \"writing_level\": \"nobis\",\n    \"conversation_level\": \"praesentium\"\n}"
                        },
                        "description": "",
                        "response": []
                    }
                },
                {
                    "name": "Update Academic information",
                    "request": {
                        "url": {
                            "protocol": "http",
                            "host": "localhost",
                            "path": "api\/v1\/academic-information\/:academic_information",
                            "query": []
                        },
                        "method": "PUT",
                        "header": [
                            {
                                "key": "Content-Type",
                                "value": "application\/json"
                            },
                            {
                                "key": "Accept",
                                "value": "application\/json"
                            }
                        ],
                        "body": {
                            "mode": "raw",
                            "raw": "{\n    \"name\": \"dolor\",\n    \"level\": \"temporibus\",\n    \"course\": \"itaque\",\n    \"institution\": \"numquam\",\n    \"situation\": \"quaerat\",\n    \"year_of_conclusion\": \"corrupti\",\n    \"idiom\": \"et\",\n    \"reading_level\": \"beatae\",\n    \"writing_level\": \"deserunt\",\n    \"conversation_level\": \"impedit\"\n}"
                        },
                        "description": "",
                        "response": []
                    }
                }
            ]
        }
    ]
}