{
    "course": {
        "id": 1,
        "name": "curso 1",
        "description": "descrição 2",
        "image": null,
        "status": null,
        "created_at": "2021-01-22T20:04:12.000000Z",
        "updated_at": "2021-01-22T20:04:12.000000Z"
    },
    "modules": [
        {
            "id": 1,
            "id_course": 1,
            "name": "Modulo 1",
            "description": "descrição 2",
            "image": null,
            "created_at": "2021-01-22 17:10:05",
            "updated_at": "2021-01-22 17:10:05"
        },
        {
            "id": 2,
            "id_course": 1,
            "name": "Modulo 2",
            "description": "descrição 2",
            "image": null,
            "created_at": "2021-01-22 17:10:08",
            "updated_at": "2021-01-22 17:10:08"
        },
        {
            "id": 3,
            "id_course": 1,
            "name": "Modulo 3",
            "description": "descrição 2",
            "image": null,
            "created_at": "2021-01-22 17:10:11",
            "updated_at": "2021-01-22 17:10:11"
        }
    ]
}